<?xml version="1.0"?>
<beans
xmlns="http://www.springframework.org/schema/beans"
xmlns:context="http://www.springframework.org/schema/context"
xmlns:tx="http://www.springframework.org/schema/tx"
xmlns:mvc="http://www.springframework.org/schema/mvc"
xmlns:xsi="http://www.w3.org/2001/XMLSchema-instance"
xsi:schemaLocation="http://www.springframework.org/schema/beans
http://www.springframework.org/schema/beans/spring-beans.xsd
http://www.springframework.org/schema/context
http://www.springframework.org/schema/context/spring-context.xsd
http://www.springframework.org/schema/tx
http://www.springframework.org/schema/tx/spring-tx.xsd
http://www.springframework.org/schema/mvc
http://www.springframework.org/schema/mvc/spring-mvc.xsd">
<context:annotation-config></context:annotation-config>
<mvc:annotation-driven></mvc:annotation-driven>
<context:component-scan base-package="com.ey.project"></context:component-scan>
<bean id="ds" class="org.springframework.jdbc.datasource.DriverManagerDataSource">
<property name="driverClassName" value="com.mysql.cj.jdbc.Driver"></property>
<property name="url" value="jdbc:mysql://localhost:3306/projectey"></property>
<property name="username" value="root"></property>
<property name="password" value="password"></property>
</bean>

<bean id="sf" 
class="org.springframework.orm.hibernate5.LocalSessionFactoryBean">
<property name="dataSource" ref="ds"></property>
<property name="annotatedClasses">
<list>
<value>com.ey.project.model.Candidate</value>
<value>com.ey.project.model.Interviewer</value>
<value>com.ey.project.model.User</value>
</list>
</property>
<property name="hibernateProperties">
<props>
<prop key="hibernate.dialect">org.hibernate.dialect.MySQL5Dialect</prop>
<prop key="hibernate.hbm2ddl.auto">create</prop>
<prop key="hibernate.show_sql">true</prop>
</props>
</property>
</bean>
<tx:annotation-driven transaction-manager="transactionManager"/>
<bean id="transactionManager"  
class="org.springframework.orm.hibernate5.HibernateTransactionManager">
<property name="sessionFactory" ref="sf"></property>
</bean>
</beans>






